epoch,time,train/box_loss,train/cls_loss,train/dfl_loss,metrics/precision(B),metrics/recall(B),metrics/mAP50(B),metrics/mAP50-95(B),val/box_loss,val/cls_loss,val/dfl_loss,lr/pg0,lr/pg1,lr/pg2
1,18.0449,3.89731,8.74374,3.51922,0,0,0,0,nan,nan,nan,0.0838,0.0018,0.0018
2,27.3669,4.20285,3.02951,3.54619,0,0,0,0,nan,nan,nan,0.0666634,0.00366337,0.00366337
3,36.8184,3.8846,2.78588,2.62033,0,0,0,0,nan,nan,nan,0.0494891,0.00548912,0.00548912
4,47.2609,3.80772,2.6773,2.28109,0,0,0,0,nan,nan,nan,0.0322773,0.00727725,0.00727725
5,62.7368,3.77476,2.57959,2.15054,0.01371,0.01589,0.00701,0.00172,nan,nan,nan,0.0150278,0.00902776,0.00902776
6,77.8619,3.75061,2.47482,2.09482,0.01091,0.03364,0.00598,0.00169,4.17829,3.77249,5.91229,0.009505,0.009505,0.009505
7,87.6705,3.7014,2.43191,2.02475,0.01848,0.05701,0.01019,0.00269,4.20232,3.1995,2.48042,0.009406,0.009406,0.009406
8,97.9159,3.71242,2.4496,2.02285,0.05273,0.16262,0.03994,0.0096,3.77528,2.47754,2.08979,0.009307,0.009307,0.009307
9,119.698,3.71141,2.36579,1.98521,0.05636,0.17383,0.04412,0.01062,3.75586,2.38147,2.05053,0.009208,0.009208,0.009208
10,129.01,3.68796,2.37755,2.00399,0.0603,0.18598,0.05262,0.01248,3.72449,2.24335,2.02092,0.009109,0.009109,0.009109
11,138.696,3.64513,2.27065,1.97067,0.04667,0.14393,0.03414,0.00803,3.87535,2.86589,2.10384,0.00901,0.00901,0.00901
12,147.994,3.605,2.25994,1.95003,0.03727,0.11495,0.02364,0.00587,3.89954,3.16335,2.1356,0.008911,0.008911,0.008911
13,157.103,3.59134,2.20622,1.93726,0.03424,0.10561,0.01946,0.00534,3.90603,3.29635,2.08302,0.008812,0.008812,0.008812
14,166.488,3.58657,2.24709,1.90522,0.09208,0.17664,0.05173,0.01331,3.67086,2.09804,1.93555,0.008713,0.008713,0.008713
15,175.853,3.56311,2.12481,1.87217,0.05545,0.17103,0.05267,0.01282,3.79026,2.51837,2.00008,0.008614,0.008614,0.008614
16,184.978,3.47862,2.12328,1.83673,0.09809,0.21869,0.06704,0.01671,3.54208,2.11405,1.87255,0.008515,0.008515,0.008515
17,195.492,3.45395,2.118,1.80611,0.1013,0.19533,0.06301,0.01515,3.59711,2.02566,1.89453,0.008416,0.008416,0.008416
18,204.717,3.38871,2.11872,1.82891,0.15615,0.25981,0.09953,0.02658,3.32633,2.02267,1.79947,0.008317,0.008317,0.008317
19,215.68,3.31909,2.10245,1.76859,0.14868,0.24486,0.10159,0.02709,3.37896,1.88628,1.80245,0.008218,0.008218,0.008218
20,224.685,3.29286,2.01603,1.77098,0.15712,0.23832,0.0981,0.0261,3.32872,1.92657,1.78908,0.008119,0.008119,0.008119
21,233.679,3.23456,2.01589,1.7508,0.14934,0.21308,0.09374,0.02528,3.32768,2.0704,1.76717,0.00802,0.00802,0.00802
22,242.673,3.26013,1.97837,1.7241,0.15596,0.23458,0.09952,0.02847,3.29724,1.97106,1.76153,0.007921,0.007921,0.007921
23,251.772,3.19696,1.98996,1.72011,0.16983,0.3,0.12368,0.03639,3.22286,1.78557,1.74014,0.007822,0.007822,0.007822
24,263.597,3.22381,1.93344,1.69774,0.17328,0.29159,0.12857,0.03511,3.24739,1.7455,1.73571,0.007723,0.007723,0.007723
25,272.452,3.13482,1.95905,1.70596,0.15202,0.22523,0.09325,0.02551,3.38595,1.99585,1.79465,0.007624,0.007624,0.007624
26,281.429,3.16033,1.93748,1.68188,0.1582,0.25888,0.11739,0.03381,3.23066,1.80301,1.7525,0.007525,0.007525,0.007525
27,295.414,3.16465,1.92388,1.69799,0.17282,0.26849,0.12767,0.03571,3.22645,1.81417,1.74723,0.007426,0.007426,0.007426
28,304.411,3.15043,1.90242,1.68385,0.18108,0.30374,0.14854,0.04202,3.17436,1.73927,1.71935,0.007327,0.007327,0.007327
29,313.272,3.15348,1.93833,1.69108,0.17691,0.28785,0.14701,0.0424,3.17168,1.7487,1.71092,0.007228,0.007228,0.007228
30,322.255,3.10404,1.95407,1.69106,0.18563,0.30187,0.14759,0.04182,3.18999,1.78582,1.7384,0.007129,0.007129,0.007129
31,331.057,3.11414,1.93662,1.68722,0.19671,0.27477,0.13894,0.04172,3.20738,1.9429,1.72236,0.00703,0.00703,0.00703
32,340.309,3.10989,1.89792,1.65006,0.18854,0.31028,0.1489,0.04158,3.20218,1.77717,1.73043,0.006931,0.006931,0.006931
33,349.332,3.07368,1.87885,1.67095,0.19732,0.31545,0.15609,0.04369,3.11728,1.72931,1.69943,0.006832,0.006832,0.006832
34,360.187,3.07124,1.84708,1.64421,0.19663,0.31028,0.15287,0.04527,3.12073,1.75758,1.68675,0.006733,0.006733,0.006733
35,369.262,3.07129,1.85127,1.63398,0.18852,0.30841,0.15704,0.04683,3.11567,1.71299,1.70696,0.006634,0.006634,0.006634
36,378.408,3.01438,1.87986,1.62449,0.18522,0.2628,0.12941,0.03618,3.20918,1.89315,1.74069,0.006535,0.006535,0.006535
37,387.228,3.04533,1.87769,1.62552,0.18313,0.2972,0.14174,0.03882,3.12674,1.75298,1.70535,0.006436,0.006436,0.006436
38,396.319,3.03692,1.87799,1.61452,0.19677,0.32056,0.15959,0.04621,3.09473,1.72348,1.67037,0.006337,0.006337,0.006337
39,405.598,3.06336,1.8276,1.62582,0.20195,0.31171,0.16596,0.04911,3.07973,1.69199,1.65768,0.006238,0.006238,0.006238
40,414.633,3.02181,1.8521,1.60306,0.18919,0.30561,0.15134,0.04667,3.04756,1.73888,1.65674,0.006139,0.006139,0.006139
41,423.771,3.02818,1.82022,1.5831,0.1835,0.28598,0.14011,0.04326,3.06084,1.84014,1.65402,0.00604,0.00604,0.00604
42,436.923,3.01622,1.84446,1.59074,0.20499,0.34112,0.16923,0.05281,3.06955,1.64954,1.64902,0.005941,0.005941,0.005941
43,445.879,3.02809,1.8308,1.56762,0.20899,0.33458,0.17436,0.05335,3.00651,1.67732,1.627,0.005842,0.005842,0.005842
44,456.622,2.97843,1.84253,1.58065,0.20647,0.31308,0.16537,0.05082,3.02766,1.73378,1.62831,0.005743,0.005743,0.005743
45,465.77,3.00028,1.81182,1.58077,0.20215,0.3215,0.16683,0.05033,3.04728,1.65018,1.63964,0.005644,0.005644,0.005644
46,474.916,2.98372,1.80209,1.56281,0.20981,0.34486,0.17844,0.05473,2.99767,1.65379,1.60501,0.005545,0.005545,0.005545
47,489.068,2.97378,1.81601,1.54928,0.20343,0.33084,0.16499,0.04994,3.03117,1.66355,1.61578,0.005446,0.005446,0.005446
48,499.065,2.99112,1.77864,1.52102,0.21275,0.31682,0.17077,0.05199,3.04272,1.64234,1.6266,0.005347,0.005347,0.005347
49,512.518,2.95048,1.77213,1.52594,0.21964,0.34486,0.1919,0.0588,2.98573,1.63342,1.60676,0.005248,0.005248,0.005248
50,521.732,2.9163,1.7836,1.55771,0.22891,0.34393,0.18958,0.06019,2.97786,1.64729,1.59637,0.005149,0.005149,0.005149
51,530.922,2.91719,1.77518,1.50368,0.21587,0.33738,0.18283,0.05674,2.95802,1.7214,1.57452,0.00505,0.00505,0.00505
52,539.9,2.92113,1.76191,1.54099,0.21865,0.33925,0.18575,0.05646,3.00363,1.64995,1.60776,0.004951,0.004951,0.004951
53,549.246,2.95596,1.72814,1.50858,0.22131,0.34053,0.18898,0.06358,2.91659,1.62053,1.5609,0.004852,0.004852,0.004852
54,558.519,2.90633,1.75148,1.534,0.23228,0.3785,0.20266,0.06416,2.91655,1.63503,1.55769,0.004753,0.004753,0.004753
55,567.61,2.88506,1.75731,1.51516,0.21928,0.34579,0.17971,0.05662,2.88708,1.71455,1.56808,0.004654,0.004654,0.004654
56,576.896,2.90724,1.72755,1.46244,0.22471,0.36542,0.20282,0.06235,2.92016,1.60325,1.55922,0.004555,0.004555,0.004555
57,586.37,2.90516,1.71143,1.46458,0.22727,0.35888,0.19169,0.05987,2.95994,1.6066,1.56595,0.004456,0.004456,0.004456
58,595.548,2.84831,1.75343,1.48121,0.22853,0.37196,0.19879,0.06385,2.90983,1.57394,1.55214,0.004357,0.004357,0.004357
59,604.904,2.882,1.76398,1.51691,0.22355,0.34766,0.19729,0.0639,2.87625,1.5779,1.50654,0.004258,0.004258,0.004258
60,614.49,2.89537,1.71779,1.49093,0.23079,0.35607,0.19909,0.06659,2.8884,1.57887,1.5395,0.004159,0.004159,0.004159
61,626.563,2.86049,1.7343,1.47956,0.22826,0.36075,0.1969,0.068,2.83422,1.61566,1.52564,0.00406,0.00406,0.00406
62,635.488,2.82887,1.73245,1.48465,0.23988,0.36075,0.20417,0.07037,2.84824,1.5581,1.52668,0.003961,0.003961,0.003961
63,645.108,2.84882,1.72351,1.532,0.24329,0.39907,0.21462,0.06768,2.92655,1.59238,1.57554,0.003862,0.003862,0.003862
64,654.145,2.85046,1.69054,1.48787,0.23782,0.38972,0.21103,0.06984,2.85606,1.55901,1.52232,0.003763,0.003763,0.003763
65,663.334,2.83031,1.68664,1.49474,0.24105,0.33271,0.19063,0.05879,3.00216,1.57212,1.60651,0.003664,0.003664,0.003664
66,672.302,2.80794,1.72473,1.49478,0.23904,0.37383,0.20066,0.06982,2.81675,1.57083,1.50041,0.003565,0.003565,0.003565
67,681.455,2.83613,1.69607,1.46876,0.2418,0.40093,0.21437,0.07055,2.86601,1.52449,1.52196,0.003466,0.003466,0.003466
68,690.446,2.80017,1.70031,1.47808,0.22801,0.35327,0.19742,0.06875,2.8272,1.64821,1.51335,0.003367,0.003367,0.003367
69,699.485,2.80376,1.70058,1.47769,0.24601,0.36317,0.21154,0.07045,2.81608,1.58353,1.50202,0.003268,0.003268,0.003268
70,720.83,2.77971,1.66242,1.437,0.26716,0.32056,0.21148,0.07187,2.82166,1.57424,1.50301,0.003169,0.003169,0.003169
71,729.977,2.83865,1.65914,1.44693,0.25953,0.39065,0.22785,0.07516,2.89451,1.52186,1.53908,0.00307,0.00307,0.00307
72,738.864,2.76817,1.67064,1.45857,0.26196,0.37383,0.23061,0.0773,2.8396,1.53308,1.51001,0.002971,0.002971,0.002971
73,747.929,2.7708,1.65558,1.45994,0.25412,0.35701,0.2209,0.07453,2.82882,1.54073,1.50973,0.002872,0.002872,0.002872
74,757.161,2.7908,1.63336,1.44302,0.259,0.36355,0.22865,0.0789,2.83135,1.50516,1.50072,0.002773,0.002773,0.002773
75,766.376,2.81018,1.63802,1.43629,0.28914,0.35421,0.23426,0.08071,2.78525,1.5277,1.47397,0.002674,0.002674,0.002674
76,775.357,2.74015,1.69392,1.45929,0.256,0.38318,0.23134,0.07522,2.82312,1.54532,1.50202,0.002575,0.002575,0.002575
77,784.22,2.73314,1.6802,1.45717,0.24871,0.39533,0.23353,0.07794,2.79863,1.51004,1.48922,0.002476,0.002476,0.002476
78,793.475,2.76775,1.62492,1.43788,0.2659,0.3757,0.23845,0.07376,2.8938,1.50808,1.53426,0.002377,0.002377,0.002377
79,802.503,2.75661,1.64225,1.45264,0.27809,0.38411,0.24941,0.08485,2.76817,1.50007,1.46999,0.002278,0.002278,0.002278
80,811.659,2.73979,1.64518,1.41676,0.28162,0.3729,0.2507,0.08275,2.8031,1.49757,1.49154,0.002179,0.002179,0.002179
81,821.569,2.74003,1.60772,1.43722,0.32224,0.32243,0.25462,0.08439,2.77646,1.49269,1.48346,0.00208,0.00208,0.00208
82,830.637,2.72083,1.63259,1.40319,0.2754,0.35234,0.24294,0.08387,2.75644,1.50549,1.4779,0.001981,0.001981,0.001981
83,839.456,2.71437,1.62482,1.43305,0.2801,0.38972,0.25385,0.08351,2.78013,1.50225,1.49442,0.001882,0.001882,0.001882
84,848.635,2.74965,1.61734,1.41889,0.28945,0.36355,0.25247,0.08755,2.73253,1.49819,1.45858,0.001783,0.001783,0.001783
85,857.946,2.75566,1.59369,1.41103,0.30775,0.35701,0.26241,0.08871,2.75796,1.49251,1.46517,0.001684,0.001684,0.001684
86,867.058,2.69979,1.62642,1.42025,0.29548,0.35514,0.2527,0.08622,2.75377,1.53063,1.47414,0.001585,0.001585,0.001585
87,878.527,2.71424,1.61329,1.4098,0.27245,0.4,0.25269,0.08567,2.74374,1.50747,1.46283,0.001486,0.001486,0.001486
88,887.763,2.73061,1.58736,1.4005,0.28137,0.38505,0.25906,0.08738,2.75096,1.49226,1.46045,0.001387,0.001387,0.001387
89,896.7,2.7025,1.59733,1.42104,0.29101,0.37944,0.25947,0.08893,2.74607,1.48217,1.45864,0.001288,0.001288,0.001288
90,905.73,2.66856,1.62111,1.43043,0.27483,0.39626,0.25413,0.08817,2.74054,1.47442,1.46132,0.001189,0.001189,0.001189
91,975.919,2.8166,1.78359,1.51479,0.2994,0.36355,0.25495,0.08519,2.78626,1.50037,1.48874,0.00109,0.00109,0.00109
92,984.737,2.74097,1.68354,1.49121,0.2854,0.36654,0.25226,0.08296,2.79189,1.54378,1.49925,0.000991,0.000991,0.000991
93,993.215,2.70097,1.67539,1.44884,0.26823,0.36542,0.23725,0.0793,2.76121,1.54404,1.47927,0.000892,0.000892,0.000892
94,1001.69,2.68115,1.64409,1.44509,0.24691,0.39159,0.23253,0.07247,2.83636,1.56609,1.51135,0.000793,0.000793,0.000793
95,1009.99,2.66761,1.63404,1.46523,0.26195,0.4028,0.25677,0.08013,2.80332,1.56882,1.50812,0.000694,0.000694,0.000694
96,1018.21,2.67268,1.61966,1.47209,0.26656,0.4271,0.26079,0.08489,2.77002,1.55671,1.48862,0.000595,0.000595,0.000595
97,1026.44,2.64367,1.61421,1.46096,0.267,0.42523,0.26011,0.08889,2.73798,1.53005,1.46333,0.000496,0.000496,0.000496
98,1034.85,2.66103,1.6097,1.46066,0.26702,0.42617,0.25856,0.08768,2.73396,1.5031,1.4585,0.000397,0.000397,0.000397
99,1043.27,2.67114,1.62387,1.43832,0.26289,0.40187,0.2517,0.08667,2.72528,1.48516,1.44732,0.000298,0.000298,0.000298
100,1051.7,2.65039,1.61172,1.46075,0.26234,0.41215,0.25531,0.08824,2.71903,1.47951,1.44645,0.000199,0.000199,0.000199
